{
  "times_square": {
    "area1": [40.762460, -73.989779],
    "area2": [40.753007,-73.979601]},
    
    "grand_central": {
    "area1": [40.756996, -73.978261],
    "area2": [40.748831, -73.973815]},
    
    "memorial": {
    "area1": [40.715161,-74.015973],
    "area2": [40.708710,-74.010904]},
    
    "rockefeller": {
    "area1": [40.761666, -73.982854],
    "area2": [40.757262,-73.978071]},
    
     "union_square": {
    "area1": [40.739780,-73.995001],
    "area2": [40.731591,-73.986553]},
    
     "central_park": {
    "area1": [40.792898,-73.967833],
    "area2": [40.771863,-73.963416]},
    
     "soho": {
    "area1": [40.722215,-74.000720],
    "area2": [40.718183,-73.997963]},
    
    "highline": {
    "area1": [40.749751,-74.007163],
    "area2": [40.744284,-74.001868]},
    
    "tompkins": {
    "area1": [40.728263,-73.983154],
    "area2": [40.724239,-73.981092]},
    
    "brooklyn_museum": {
    "area1": [40.675063, -73.966720],
    "area2": [40.670381,-73.962357]}
    
}
